<keymap version="1" name="My" parent="Emacs">
  <action id="$Copy">
    <keyboard-shortcut first-keystroke="alt c" />
    <keyboard-shortcut first-keystroke="meta c" />
  </action>
  <action id="ActivateBuildToolWindow">
    <keyboard-shortcut first-keystroke="alt 8" />
  </action>
  <action id="ActivateServicesToolWindow" />
  <action id="Android.HotswapChanges">
    <keyboard-shortcut first-keystroke="ctrl f10" />
    <keyboard-shortcut first-keystroke="shift meta r" />
  </action>
  <action id="CheckinProject" />
  <action id="ChooseRunConfiguration">
    <keyboard-shortcut first-keystroke="shift alt f10" />
    <keyboard-shortcut first-keystroke="ctrl meta r" />
  </action>
  <action id="CodeCompletion">
    <keyboard-shortcut first-keystroke="alt slash" />
    <keyboard-shortcut first-keystroke="meta slash" />
  </action>
  <action id="CommentByLineComment">
    <keyboard-shortcut first-keystroke="alt semicolon" />
    <keyboard-shortcut first-keystroke="meta semicolon" />
  </action>
  <action id="CompileDirty">
    <keyboard-shortcut first-keystroke="ctrl f9" />
    <keyboard-shortcut first-keystroke="meta alt b" />
  </action>
  <action id="ConsoleView.ClearAll">
    <keyboard-shortcut first-keystroke="ctrl meta c" />
  </action>
  <action id="CopyAsRichText">
    <keyboard-shortcut first-keystroke="shift meta c" />
  </action>
  <action id="Dart.DartStyle">
    <keyboard-shortcut first-keystroke="ctrl meta l" />
  </action>
  <action id="EditMacros">
    <keyboard-shortcut first-keystroke="shift meta m" />
  </action>
  <action id="Editor Copy">
    <keyboard-shortcut first-keystroke="meta c" />
  </action>
  <action id="EditorBackwardParagraph">
    <keyboard-shortcut first-keystroke="ctrl up" />
    <keyboard-shortcut first-keystroke="meta a" />
  </action>
  <action id="EditorCloneCaretAbove">
    <keyboard-shortcut first-keystroke="ctrl x" second-keystroke="ctrl p" />
  </action>
  <action id="EditorCloneCaretBelow">
    <keyboard-shortcut first-keystroke="ctrl x" second-keystroke="ctrl n" />
  </action>
  <action id="EditorDeleteLine">
    <keyboard-shortcut first-keystroke="ctrl meta k" />
  </action>
  <action id="EditorDeleteToWordEndInDifferentHumpsMode">
    <keyboard-shortcut first-keystroke="alt d" />
  </action>
  <action id="EditorDeleteToWordStart">
    <keyboard-shortcut first-keystroke="ctrl back_space" />
    <keyboard-shortcut first-keystroke="shift meta d" />
    <keyboard-shortcut first-keystroke="meta back_space" />
  </action>
  <action id="EditorDeleteToWordStartInDifferentHumpsMode">
    <keyboard-shortcut first-keystroke="shift alt d" />
    <keyboard-shortcut first-keystroke="alt back_space" />
  </action>
  <action id="EditorDuplicate">
    <keyboard-shortcut first-keystroke="ctrl meta n" />
    <keyboard-shortcut first-keystroke="ctrl meta d" />
  </action>
  <action id="EditorEscape">
    <keyboard-shortcut first-keystroke="ctrl g" />
  </action>
  <action id="EditorForwardParagraph">
    <keyboard-shortcut first-keystroke="ctrl down" />
    <keyboard-shortcut first-keystroke="meta e" />
  </action>
  <action id="EditorKillRingSave">
    <keyboard-shortcut first-keystroke="alt w" />
    <keyboard-shortcut first-keystroke="meta w" />
  </action>
  <action id="EditorKillToWordEnd">
    <keyboard-shortcut first-keystroke="meta d" />
  </action>
  <action id="EditorLineEndWithSelection">
    <keyboard-shortcut first-keystroke="shift end" />
    <keyboard-shortcut first-keystroke="ctrl x" second-keystroke="ctrl space" />
  </action>
  <action id="EditorNextWord">
    <keyboard-shortcut first-keystroke="ctrl right" />
    <keyboard-shortcut first-keystroke="meta f" />
  </action>
  <action id="EditorNextWordInDifferentHumpsMode">
    <keyboard-shortcut first-keystroke="alt f" />
  </action>
  <action id="EditorPreviousWord">
    <keyboard-shortcut first-keystroke="ctrl left" />
    <keyboard-shortcut first-keystroke="meta b" />
  </action>
  <action id="EditorPreviousWordInDifferentHumpsMode">
    <keyboard-shortcut first-keystroke="alt b" />
  </action>
  <action id="EditorTextEnd">
    <keyboard-shortcut first-keystroke="ctrl end" />
    <keyboard-shortcut first-keystroke="shift alt period" />
    <keyboard-shortcut first-keystroke="shift meta period" />
  </action>
  <action id="EditorTextStart">
    <keyboard-shortcut first-keystroke="ctrl home" />
    <keyboard-shortcut first-keystroke="shift alt comma" />
    <keyboard-shortcut first-keystroke="shift meta comma" />
  </action>
  <action id="EditorToggleColumnMode">
    <keyboard-shortcut first-keystroke="ctrl meta e" />
  </action>
  <action id="EditorToggleStickySelection">
    <keyboard-shortcut first-keystroke="ctrl space" />
  </action>
  <action id="FileChooser.LightEditGotoOpenedFile">
    <keyboard-shortcut first-keystroke="shift meta g" />
  </action>
  <action id="Generate">
    <keyboard-shortcut first-keystroke="meta alt g" />
  </action>
  <action id="GotoAction">
    <keyboard-shortcut first-keystroke="alt x" />
  </action>
  <action id="GotoClass">
    <keyboard-shortcut first-keystroke="shift alt g" />
    <keyboard-shortcut first-keystroke="ctrl x" second-keystroke="ctrl d" />
  </action>
  <action id="GotoDeclaration">
    <keyboard-shortcut first-keystroke="ctrl alt g" />
    <keyboard-shortcut first-keystroke="alt period" />
    <mouse-shortcut keystroke="control button1" />
    <keyboard-shortcut first-keystroke="meta g" />
  </action>
  <action id="GotoImplementation">
    <keyboard-shortcut first-keystroke="ctrl meta i" />
  </action>
  <action id="GotoLine">
    <keyboard-shortcut first-keystroke="alt g" />
    <keyboard-shortcut first-keystroke="shift ctrl g" />
    <keyboard-shortcut first-keystroke="ctrl x" second-keystroke="ctrl g" />
  </action>
  <action id="GotoNextError">
    <keyboard-shortcut first-keystroke="f2" />
    <keyboard-shortcut first-keystroke="ctrl x" second-keystroke="back_quote" />
    <keyboard-shortcut first-keystroke="meta period" />
    <keyboard-shortcut first-keystroke="ctrl meta period" />
  </action>
  <action id="GotoPreviousError">
    <keyboard-shortcut first-keystroke="shift f2" />
    <keyboard-shortcut first-keystroke="shift ctrl x" second-keystroke="back_quote" />
    <keyboard-shortcut first-keystroke="shift ctrl meta period" />
  </action>
  <action id="GotoRelated">
    <keyboard-shortcut first-keystroke="ctrl alt home" />
    <keyboard-shortcut first-keystroke="shift ctrl meta s" />
  </action>
  <action id="IncrementalSearch">
    <keyboard-shortcut first-keystroke="ctrl meta s" />
  </action>
  <action id="NewElementInMenuGroup">
    <keyboard-shortcut first-keystroke="shift ctrl n" />
  </action>
  <action id="NextTab">
    <keyboard-shortcut first-keystroke="alt right" />
    <keyboard-shortcut first-keystroke="ctrl x" second-keystroke="n" />
    <keyboard-shortcut first-keystroke="meta right" />
  </action>
  <action id="OptimizeImports">
    <keyboard-shortcut first-keystroke="ctrl alt o" />
    <keyboard-shortcut first-keystroke="ctrl meta o" />
  </action>
  <action id="OverrideMethods">
    <keyboard-shortcut first-keystroke="meta o" />
  </action>
  <action id="ParameterInfo">
    <keyboard-shortcut first-keystroke="shift alt p" />
    <keyboard-shortcut first-keystroke="meta alt p" />
  </action>
  <action id="PlaySavedMacrosAction">
    <keyboard-shortcut first-keystroke="meta m" />
  </action>
  <action id="PlaybackLastMacro">
    <keyboard-shortcut first-keystroke="meta alt m" />
  </action>
  <action id="PreviousTab">
    <keyboard-shortcut first-keystroke="alt left" />
    <keyboard-shortcut first-keystroke="ctrl x" second-keystroke="p" />
    <keyboard-shortcut first-keystroke="meta left" />
  </action>
  <action id="RebuildGradleProject">
    <keyboard-shortcut first-keystroke="shift meta alt b" />
  </action>
  <action id="RefactoringMenu">
    <keyboard-shortcut first-keystroke="meta alt r" />
  </action>
  <action id="ReformatCode">
    <keyboard-shortcut first-keystroke="shift ctrl meta l" />
  </action>
  <action id="Run">
    <keyboard-shortcut first-keystroke="meta r" />
  </action>
  <action id="RunDashboard.CopyConfiguration" />
  <action id="Scheme.Open.Normal">
    <keyboard-shortcut first-keystroke="meta alt o" />
  </action>
  <action id="SearchEverywhere">
    <keyboard-shortcut first-keystroke="shift ctrl s" />
  </action>
  <action id="SelectAllOccurrences">
    <keyboard-shortcut first-keystroke="shift ctrl alt j" />
    <keyboard-shortcut first-keystroke="shift ctrl meta j" />
  </action>
  <action id="SelectInProjectView">
    <keyboard-shortcut first-keystroke="shift alt 1" />
    <keyboard-shortcut first-keystroke="ctrl meta g" />
  </action>
  <action id="SelectNextOccurrence">
    <keyboard-shortcut first-keystroke="alt j" />
    <keyboard-shortcut first-keystroke="meta j" />
  </action>
  <action id="ShowErrorDescription">
    <keyboard-shortcut first-keystroke="ctrl f1" />
    <keyboard-shortcut first-keystroke="ctrl meta 1" />
  </action>
  <action id="ShowIntentionActions">
    <keyboard-shortcut first-keystroke="alt enter" />
    <keyboard-shortcut first-keystroke="meta enter" />
  </action>
  <action id="ShowLiveRunConfigurations">
    <keyboard-shortcut first-keystroke="shift ctrl meta r" />
  </action>
  <action id="StartStopMacroRecording">
    <keyboard-shortcut first-keystroke="ctrl meta m" />
  </action>
  <action id="SynchronizeCurrentFile">
    <keyboard-shortcut first-keystroke="alt u" />
  </action>
  <action id="ToggleBookmark2">
    <keyboard-shortcut first-keystroke="shift ctrl 2" />
  </action>
  <action id="ToggleDistractionFreeMode">
    <keyboard-shortcut first-keystroke="ctrl meta escape" />
  </action>
  <action id="UnselectPreviousOccurrence">
    <keyboard-shortcut first-keystroke="shift alt j" />
    <keyboard-shortcut first-keystroke="shift meta j" />
  </action>
  <action id="android.deploy.ApplyChanges">
    <keyboard-shortcut first-keystroke="ctrl meta r" />
  </action>
  <action id="android.deploy.CodeSwap">
    <keyboard-shortcut first-keystroke="shift ctrl meta r" />
  </action>
  <action id="context.save" />
  <action id="hg4idea.QFold" />
</keymap>